{"desktopweb":{"platform":"desktopweb","indexjl":"js","appName":"Murahaba","buildWar":"false","librarymode":"css","devicemessage":"Unknown Error Occurred <br/> Contact System Admin","deviceexception":"This device is currently not supported","importjsfiles":[],"javascripterrormsg":"To use this site, first enable your browser's JavaScript support and then refresh this page.","version":"1.0.0","category":"desktopweb/","bgcolor":"#ffffff","cssLazyLoad":true,"customFontsList":["Calibri-Bold","calibri-regular","Calibri","FontAwesome"],"customFontsUrlList":["url('desktopweb/Calibri-Bold.ttf'), url('desktopweb/Calibri-Bold.eot')","url('desktopweb/calibri-regular.ttf'), url('desktopweb/calibri-regular.eot')","url('desktopweb/Calibri.ttf'), url('desktopweb/Calibri.eot')","url('desktopweb/FontAwesome.ttf'), url('desktopweb/FontAwesome.eot')"],"fontsObj":{"Calibri-Bold":"url('desktopweb/Calibri-Bold.ttf'), url('desktopweb/Calibri-Bold.eot')","calibri-regular":"url('desktopweb/calibri-regular.ttf'), url('desktopweb/calibri-regular.eot')","Calibri":"url('desktopweb/Calibri.ttf'), url('desktopweb/Calibri.eot')","FontAwesome":"url('desktopweb/FontAwesome.ttf'), url('desktopweb/FontAwesome.eot')"},"style":"width: 100%; margin: 0px; padding: 0px;","bodyalign":"left","bodyAttrs":"style = \"width: 100%; margin: 0px; padding: 0px;\"  aria-busy=\"true\" aria-live=\"polite\" aria-relevant=\"additions\" aria-atomic=\"false\"","enablexfsdw":false,"enablexfs":"false","isDebug":"false","csslist":[],"jslist":[],"enableViewportZooming":false,"webcsslist":[],"webjslist":[],"webheadertags":[],"htmlAttrs":"","ieMetaTag":"<meta http-equiv=\"X-UA-Compatble\" content=\"IE=edge\">","headPageFileName":"1416128722/desktopweb/head.html","bodyPageFileName":"1416128722/desktopweb/body.html","baseTag":"<base href= \"/apps/Murahaba/1416128722/\" target = \"_blank\"/>","baseLocalTag":"<base href= \"./\" target = \"_blank\"/>"},"indexPage":{"headPageFileName":"1416128722/desktopweb/head.html","bodyPageFileName":"1416128722/desktopweb/body.html","baseTag":"<base href= \"/apps/Murahaba/1416128722/\" target = \"_blank\"/>","ieMetaTag":"<meta http-equiv=\"X-UA-Compatble\" content=\"IE=edge\">","htmlAttrs":"","bodyAttrs":"style = \"width: 100%; margin: 0px; padding: 0px;\"  aria-busy=\"true\" aria-live=\"polite\" aria-relevant=\"additions\" aria-atomic=\"false\""},"appconfig":{"buildoption":"debug","applocales":"","spa":"desktopweb","appid":"Murahaba","devicedblookup":"false","smsecure":"","cacheId":"1416128722","cacheUrl":"Murahaba/1416128722"}}